<annotation>
	<folder>goodday</folder>
	<filename>goodday (121).jpg</filename>
	<path>C:\Users\Anonimous\Documents\skripsi\dataset\dataset_5\goodday\goodday (121).jpg</path>
	<source>
		<database>Unknown</database>
	</source>
	<size>
		<width>416</width>
		<height>312</height>
		<depth>3</depth>
	</size>
	<segmented>0</segmented>
	<object>
		<name>goodday</name>
		<pose>Unspecified</pose>
		<truncated>0</truncated>
		<difficult>0</difficult>
		<bndbox>
			<xmin>177</xmin>
			<ymin>83</ymin>
			<xmax>226</xmax>
			<ymax>197</ymax>
		</bndbox>
	</object>
</annotation>
