<annotation>
	<folder>goodday</folder>
	<filename>goodday (79).jpg</filename>
	<path>C:\Users\Anonimous\Documents\skripsi\dataset\dataset_5\goodday\goodday (79).jpg</path>
	<source>
		<database>Unknown</database>
	</source>
	<size>
		<width>312</width>
		<height>416</height>
		<depth>3</depth>
	</size>
	<segmented>0</segmented>
	<object>
		<name>goodday</name>
		<pose>Unspecified</pose>
		<truncated>0</truncated>
		<difficult>0</difficult>
		<bndbox>
			<xmin>118</xmin>
			<ymin>147</ymin>
			<xmax>167</xmax>
			<ymax>247</ymax>
		</bndbox>
	</object>
</annotation>
