<annotation>
	<folder>floridina</folder>
	<filename>floridina (34).jpg</filename>
	<path>C:\Users\Anonimous\Documents\skripsi\dataset\dataset_5\floridina\floridina (34).jpg</path>
	<source>
		<database>Unknown</database>
	</source>
	<size>
		<width>312</width>
		<height>416</height>
		<depth>3</depth>
	</size>
	<segmented>0</segmented>
	<object>
		<name>floridina</name>
		<pose>Unspecified</pose>
		<truncated>0</truncated>
		<difficult>0</difficult>
		<bndbox>
			<xmin>91</xmin>
			<ymin>169</ymin>
			<xmax>300</xmax>
			<ymax>303</ymax>
		</bndbox>
	</object>
</annotation>
