<annotation>
	<folder>floridina</folder>
	<filename>floridina (30).jpg</filename>
	<path>C:\Users\Anonimous\Documents\skripsi\dataset\dataset_5\floridina\floridina (30).jpg</path>
	<source>
		<database>Unknown</database>
	</source>
	<size>
		<width>312</width>
		<height>416</height>
		<depth>3</depth>
	</size>
	<segmented>0</segmented>
	<object>
		<name>floridina</name>
		<pose>Unspecified</pose>
		<truncated>1</truncated>
		<difficult>0</difficult>
		<bndbox>
			<xmin>1</xmin>
			<ymin>128</ymin>
			<xmax>100</xmax>
			<ymax>375</ymax>
		</bndbox>
	</object>
</annotation>
