<annotation>
	<folder>floridina</folder>
	<filename>floridina (19).jpg</filename>
	<path>C:\Users\Anonimous\Documents\skripsi\dataset\dataset_5\floridina\floridina (19).jpg</path>
	<source>
		<database>Unknown</database>
	</source>
	<size>
		<width>416</width>
		<height>312</height>
		<depth>3</depth>
	</size>
	<segmented>0</segmented>
	<object>
		<name>floridina</name>
		<pose>Unspecified</pose>
		<truncated>0</truncated>
		<difficult>0</difficult>
		<bndbox>
			<xmin>217</xmin>
			<ymin>116</ymin>
			<xmax>236</xmax>
			<ymax>167</ymax>
		</bndbox>
	</object>
</annotation>
