<annotation>
	<folder>mixed</folder>
	<filename>mix (26).jpg</filename>
	<path>C:\Users\Anonimous\Documents\skripsi\dataset\dataset_5\mixed\mix (26).jpg</path>
	<source>
		<database>Unknown</database>
	</source>
	<size>
		<width>416</width>
		<height>312</height>
		<depth>3</depth>
	</size>
	<segmented>0</segmented>
	<object>
		<name>goodday</name>
		<pose>Unspecified</pose>
		<truncated>0</truncated>
		<difficult>0</difficult>
		<bndbox>
			<xmin>337</xmin>
			<ymin>174</ymin>
			<xmax>382</xmax>
			<ymax>263</ymax>
		</bndbox>
	</object>
	<object>
		<name>floridina</name>
		<pose>Unspecified</pose>
		<truncated>0</truncated>
		<difficult>0</difficult>
		<bndbox>
			<xmin>59</xmin>
			<ymin>154</ymin>
			<xmax>115</xmax>
			<ymax>236</ymax>
		</bndbox>
	</object>
	<object>
		<name>cocacola</name>
		<pose>Unspecified</pose>
		<truncated>0</truncated>
		<difficult>0</difficult>
		<bndbox>
			<xmin>187</xmin>
			<ymin>163</ymin>
			<xmax>238</xmax>
			<ymax>275</ymax>
		</bndbox>
	</object>
</annotation>
