<annotation>
	<folder>mixed</folder>
	<filename>mix (32).jpg</filename>
	<path>C:\Users\Anonimous\Documents\skripsi\dataset\dataset_5\images\mixed\mix (32).jpg</path>
	<source>
		<database>Unknown</database>
	</source>
	<size>
		<width>312</width>
		<height>416</height>
		<depth>3</depth>
	</size>
	<segmented>0</segmented>
	<object>
		<name>goodday</name>
		<pose>Unspecified</pose>
		<truncated>0</truncated>
		<difficult>0</difficult>
		<bndbox>
			<xmin>165</xmin>
			<ymin>254</ymin>
			<xmax>212</xmax>
			<ymax>335</ymax>
		</bndbox>
	</object>
	<object>
		<name>floridina</name>
		<pose>Unspecified</pose>
		<truncated>0</truncated>
		<difficult>0</difficult>
		<bndbox>
			<xmin>231</xmin>
			<ymin>235</ymin>
			<xmax>293</xmax>
			<ymax>332</ymax>
		</bndbox>
	</object>
	<object>
		<name>cocacola</name>
		<pose>Unspecified</pose>
		<truncated>0</truncated>
		<difficult>0</difficult>
		<bndbox>
			<xmin>95</xmin>
			<ymin>209</ymin>
			<xmax>145</xmax>
			<ymax>319</ymax>
		</bndbox>
	</object>
</annotation>
