<annotation>
	<folder>mixed</folder>
	<filename>mix (112).jpg</filename>
	<path>C:\Users\Anonimous\Documents\skripsi\dataset\dataset_5\images\mixed\mix (112).jpg</path>
	<source>
		<database>Unknown</database>
	</source>
	<size>
		<width>312</width>
		<height>416</height>
		<depth>3</depth>
	</size>
	<segmented>0</segmented>
	<object>
		<name>goodday</name>
		<pose>Unspecified</pose>
		<truncated>0</truncated>
		<difficult>0</difficult>
		<bndbox>
			<xmin>149</xmin>
			<ymin>163</ymin>
			<xmax>184</xmax>
			<ymax>232</ymax>
		</bndbox>
	</object>
	<object>
		<name>floridina</name>
		<pose>Unspecified</pose>
		<truncated>0</truncated>
		<difficult>0</difficult>
		<bndbox>
			<xmin>110</xmin>
			<ymin>200</ymin>
			<xmax>149</xmax>
			<ymax>287</ymax>
		</bndbox>
	</object>
	<object>
		<name>floridina</name>
		<pose>Unspecified</pose>
		<truncated>0</truncated>
		<difficult>0</difficult>
		<bndbox>
			<xmin>94</xmin>
			<ymin>175</ymin>
			<xmax>130</xmax>
			<ymax>255</ymax>
		</bndbox>
	</object>
	<object>
		<name>cocacola</name>
		<pose>Unspecified</pose>
		<truncated>0</truncated>
		<difficult>0</difficult>
		<bndbox>
			<xmin>154</xmin>
			<ymin>224</ymin>
			<xmax>196</xmax>
			<ymax>334</ymax>
		</bndbox>
	</object>
</annotation>
