<annotation>
	<folder>mixed</folder>
	<filename>mix (28).jpg</filename>
	<path>C:\Users\Anonimous\Documents\skripsi\dataset\dataset_5\images\mixed\mix (28).jpg</path>
	<source>
		<database>Unknown</database>
	</source>
	<size>
		<width>312</width>
		<height>416</height>
		<depth>3</depth>
	</size>
	<segmented>0</segmented>
	<object>
		<name>goodday</name>
		<pose>Unspecified</pose>
		<truncated>0</truncated>
		<difficult>0</difficult>
		<bndbox>
			<xmin>136</xmin>
			<ymin>144</ymin>
			<xmax>165</xmax>
			<ymax>185</ymax>
		</bndbox>
	</object>
	<object>
		<name>floridina</name>
		<pose>Unspecified</pose>
		<truncated>0</truncated>
		<difficult>0</difficult>
		<bndbox>
			<xmin>175</xmin>
			<ymin>129</ymin>
			<xmax>201</xmax>
			<ymax>178</ymax>
		</bndbox>
	</object>
	<object>
		<name>cocacola</name>
		<pose>Unspecified</pose>
		<truncated>0</truncated>
		<difficult>0</difficult>
		<bndbox>
			<xmin>161</xmin>
			<ymin>97</ymin>
			<xmax>188</xmax>
			<ymax>156</ymax>
		</bndbox>
	</object>
</annotation>
