<annotation>
	<folder>mixed</folder>
	<filename>mix (18).jpg</filename>
	<path>C:\Users\Anonimous\Documents\skripsi\dataset\dataset_5\mixed\mix (18).jpg</path>
	<source>
		<database>Unknown</database>
	</source>
	<size>
		<width>312</width>
		<height>416</height>
		<depth>3</depth>
	</size>
	<segmented>0</segmented>
	<object>
		<name>goodday</name>
		<pose>Unspecified</pose>
		<truncated>0</truncated>
		<difficult>0</difficult>
		<bndbox>
			<xmin>87</xmin>
			<ymin>234</ymin>
			<xmax>120</xmax>
			<ymax>310</ymax>
		</bndbox>
	</object>
	<object>
		<name>floridina</name>
		<pose>Unspecified</pose>
		<truncated>0</truncated>
		<difficult>0</difficult>
		<bndbox>
			<xmin>148</xmin>
			<ymin>235</ymin>
			<xmax>188</xmax>
			<ymax>344</ymax>
		</bndbox>
	</object>
	<object>
		<name>cocacola</name>
		<pose>Unspecified</pose>
		<truncated>0</truncated>
		<difficult>0</difficult>
		<bndbox>
			<xmin>43</xmin>
			<ymin>196</ymin>
			<xmax>71</xmax>
			<ymax>288</ymax>
		</bndbox>
	</object>
</annotation>
