<annotation>
	<folder>mixed</folder>
	<filename>mix (24).jpg</filename>
	<path>C:\Users\Anonimous\Documents\skripsi\dataset\dataset_5\mixed\mix (24).jpg</path>
	<source>
		<database>Unknown</database>
	</source>
	<size>
		<width>312</width>
		<height>416</height>
		<depth>3</depth>
	</size>
	<segmented>0</segmented>
	<object>
		<name>goodday</name>
		<pose>Unspecified</pose>
		<truncated>0</truncated>
		<difficult>0</difficult>
		<bndbox>
			<xmin>72</xmin>
			<ymin>167</ymin>
			<xmax>113</xmax>
			<ymax>247</ymax>
		</bndbox>
	</object>
	<object>
		<name>floridina</name>
		<pose>Unspecified</pose>
		<truncated>0</truncated>
		<difficult>0</difficult>
		<bndbox>
			<xmin>115</xmin>
			<ymin>83</ymin>
			<xmax>147</xmax>
			<ymax>164</ymax>
		</bndbox>
	</object>
	<object>
		<name>cocacola</name>
		<pose>Unspecified</pose>
		<truncated>0</truncated>
		<difficult>0</difficult>
		<bndbox>
			<xmin>197</xmin>
			<ymin>119</ymin>
			<xmax>236</xmax>
			<ymax>229</ymax>
		</bndbox>
	</object>
</annotation>
