<annotation>
	<folder>mixed</folder>
	<filename>mix (100).jpg</filename>
	<path>C:\Users\Anonimous\Documents\skripsi\dataset\dataset_5\mixed\mix (100).jpg</path>
	<source>
		<database>Unknown</database>
	</source>
	<size>
		<width>416</width>
		<height>312</height>
		<depth>3</depth>
	</size>
	<segmented>0</segmented>
	<object>
		<name>floridina</name>
		<pose>Unspecified</pose>
		<truncated>0</truncated>
		<difficult>0</difficult>
		<bndbox>
			<xmin>194</xmin>
			<ymin>156</ymin>
			<xmax>229</xmax>
			<ymax>248</ymax>
		</bndbox>
	</object>
	<object>
		<name>floridina</name>
		<pose>Unspecified</pose>
		<truncated>0</truncated>
		<difficult>0</difficult>
		<bndbox>
			<xmin>241</xmin>
			<ymin>153</ymin>
			<xmax>276</xmax>
			<ymax>229</ymax>
		</bndbox>
	</object>
</annotation>
