<annotation>
	<folder>mixed</folder>
	<filename>mix (110).jpg</filename>
	<path>C:\Users\Anonimous\Documents\skripsi\dataset\dataset_5\images\mixed\mix (110).jpg</path>
	<source>
		<database>Unknown</database>
	</source>
	<size>
		<width>312</width>
		<height>416</height>
		<depth>3</depth>
	</size>
	<segmented>0</segmented>
	<object>
		<name>goodday</name>
		<pose>Unspecified</pose>
		<truncated>0</truncated>
		<difficult>0</difficult>
		<bndbox>
			<xmin>112</xmin>
			<ymin>177</ymin>
			<xmax>146</xmax>
			<ymax>230</ymax>
		</bndbox>
	</object>
	<object>
		<name>floridina</name>
		<pose>Unspecified</pose>
		<truncated>0</truncated>
		<difficult>0</difficult>
		<bndbox>
			<xmin>150</xmin>
			<ymin>206</ymin>
			<xmax>187</xmax>
			<ymax>291</ymax>
		</bndbox>
	</object>
	<object>
		<name>floridina</name>
		<pose>Unspecified</pose>
		<truncated>0</truncated>
		<difficult>0</difficult>
		<bndbox>
			<xmin>108</xmin>
			<ymin>206</ymin>
			<xmax>144</xmax>
			<ymax>290</ymax>
		</bndbox>
	</object>
	<object>
		<name>cocacola</name>
		<pose>Unspecified</pose>
		<truncated>0</truncated>
		<difficult>0</difficult>
		<bndbox>
			<xmin>208</xmin>
			<ymin>184</ymin>
			<xmax>251</xmax>
			<ymax>278</ymax>
		</bndbox>
	</object>
</annotation>
