<annotation>
	<folder>mixed</folder>
	<filename>mix (107).jpg</filename>
	<path>C:\Users\Anonimous\Documents\skripsi\dataset\dataset_5\images\mixed\mix (107).jpg</path>
	<source>
		<database>Unknown</database>
	</source>
	<size>
		<width>312</width>
		<height>416</height>
		<depth>3</depth>
	</size>
	<segmented>0</segmented>
	<object>
		<name>floridina</name>
		<pose>Unspecified</pose>
		<truncated>0</truncated>
		<difficult>0</difficult>
		<bndbox>
			<xmin>165</xmin>
			<ymin>200</ymin>
			<xmax>203</xmax>
			<ymax>310</ymax>
		</bndbox>
	</object>
	<object>
		<name>floridina</name>
		<pose>Unspecified</pose>
		<truncated>0</truncated>
		<difficult>0</difficult>
		<bndbox>
			<xmin>32</xmin>
			<ymin>225</ymin>
			<xmax>90</xmax>
			<ymax>375</ymax>
		</bndbox>
	</object>
</annotation>
