<annotation>
	<folder>mixed</folder>
	<filename>mix (15).jpg</filename>
	<path>C:\Users\Anonimous\Documents\skripsi\dataset\dataset_5\mixed\mix (15).jpg</path>
	<source>
		<database>Unknown</database>
	</source>
	<size>
		<width>312</width>
		<height>416</height>
		<depth>3</depth>
	</size>
	<segmented>0</segmented>
	<object>
		<name>goodday</name>
		<pose>Unspecified</pose>
		<truncated>0</truncated>
		<difficult>0</difficult>
		<bndbox>
			<xmin>209</xmin>
			<ymin>214</ymin>
			<xmax>240</xmax>
			<ymax>282</ymax>
		</bndbox>
	</object>
	<object>
		<name>floridina</name>
		<pose>Unspecified</pose>
		<truncated>0</truncated>
		<difficult>0</difficult>
		<bndbox>
			<xmin>43</xmin>
			<ymin>239</ymin>
			<xmax>97</xmax>
			<ymax>396</ymax>
		</bndbox>
	</object>
	<object>
		<name>cocacola</name>
		<pose>Unspecified</pose>
		<truncated>0</truncated>
		<difficult>0</difficult>
		<bndbox>
			<xmin>178</xmin>
			<ymin>191</ymin>
			<xmax>214</xmax>
			<ymax>306</ymax>
		</bndbox>
	</object>
</annotation>
