<annotation>
	<folder>cocacola</folder>
	<filename>cocacola (133).jpg</filename>
	<path>C:\Users\Anonimous\Documents\skripsi\dataset\dataset_5\cocacola\cocacola (133).jpg</path>
	<source>
		<database>Unknown</database>
	</source>
	<size>
		<width>416</width>
		<height>312</height>
		<depth>3</depth>
	</size>
	<segmented>0</segmented>
	<object>
		<name>cocacola</name>
		<pose>Unspecified</pose>
		<truncated>0</truncated>
		<difficult>0</difficult>
		<bndbox>
			<xmin>86</xmin>
			<ymin>75</ymin>
			<xmax>132</xmax>
			<ymax>187</ymax>
		</bndbox>
	</object>
</annotation>
