<annotation>
	<folder>cocacola</folder>
	<filename>cocacola (142).jpg</filename>
	<path>C:\Users\Anonimous\Documents\skripsi\dataset\dataset_5\cocacola\cocacola (142).jpg</path>
	<source>
		<database>Unknown</database>
	</source>
	<size>
		<width>416</width>
		<height>312</height>
		<depth>3</depth>
	</size>
	<segmented>0</segmented>
	<object>
		<name>cocacola</name>
		<pose>Unspecified</pose>
		<truncated>0</truncated>
		<difficult>0</difficult>
		<bndbox>
			<xmin>37</xmin>
			<ymin>158</ymin>
			<xmax>83</xmax>
			<ymax>307</ymax>
		</bndbox>
	</object>
</annotation>
