<annotation>
	<folder>cocacola</folder>
	<filename>cocacola (103).jpg</filename>
	<path>C:\Users\Anonimous\Documents\skripsi\dataset\dataset_5\cocacola\cocacola (103).jpg</path>
	<source>
		<database>Unknown</database>
	</source>
	<size>
		<width>312</width>
		<height>416</height>
		<depth>3</depth>
	</size>
	<segmented>0</segmented>
	<object>
		<name>cocacola</name>
		<pose>Unspecified</pose>
		<truncated>0</truncated>
		<difficult>0</difficult>
		<bndbox>
			<xmin>131</xmin>
			<ymin>140</ymin>
			<xmax>170</xmax>
			<ymax>250</ymax>
		</bndbox>
	</object>
</annotation>
