<annotation>
	<folder>cocacola</folder>
	<filename>cocacola (51).jpg</filename>
	<path>C:\Users\Anonimous\Documents\skripsi\dataset\dataset_5\cocacola\cocacola (51).jpg</path>
	<source>
		<database>Unknown</database>
	</source>
	<size>
		<width>416</width>
		<height>312</height>
		<depth>3</depth>
	</size>
	<segmented>0</segmented>
	<object>
		<name>cocacola</name>
		<pose>Unspecified</pose>
		<truncated>0</truncated>
		<difficult>0</difficult>
		<bndbox>
			<xmin>34</xmin>
			<ymin>95</ymin>
			<xmax>283</xmax>
			<ymax>168</ymax>
		</bndbox>
	</object>
</annotation>
